question,categorie,niveau,reponse,reponseA,reponseB,reponseC,reponseD,commentaire
Séléctionne la forme juste :,Les présentatifs,A1/A2,A,C’est Charles Perrault.,Ce sont Charles Perrault.,,,
Séléctionne la forme juste :,Les présentatifs,A1/A2,B,C’est les frères Grimm.,Ce sont les frères Grimm.,,,
Séléctionne la forme juste :,Les présentatifs,A1/A2,B,C’est acteur.,Il est acteur.,,,
Séléctionne la forme juste :,Les présentatifs,A1/A2,A,C’est une policière.,Elle est une policière.,,,
Séléctionne la forme juste :,Les présentatifs,A1/A2,B,Ce sont timides.,Ils sont timides.,,,
Séléctionne la forme juste :,Les présentatifs,A1/A2,B,Elle est mariées.,Elles sont mariées.,,,
Séléctionne la forme juste :,Les présentatifs,A1/A2,A,C’est le livre d’Anderson.,Ce sont le livre d’Anderson.,,,
Séléctionne la forme juste : ,Les présentatifs,A1/A2,A,Il est génial !,Elle est génial !,,,
Séléctionne la forme juste :,Les présentatifs,A1/A2,A,Il est content.,Elle est content.,,,
Séléctionne la forme juste :,Les présentatifs,A1/A2,A,Il est égyptiens.,Ils sont égyptiens.,,,
Séléctionne la forme juste :,Les présentatifs,A1/A2,B,Ils sont étudiantes.,Elles sont étudiantes.,,,
Séléctionne la forme juste :,Les noms,A1/A2,A,un albanais,un albanaise,,,
Séléctionne la forme juste :,Les noms,A1/A2,A,une vietnamienne,une vietnamien,,,
Séléctionne la forme juste :,Les noms,A1/A2,A,une mexicaine,une mexicain,,,
Séléctionne la forme juste :,Les noms,A1/A2,B,un bretonne,un breton,,,
Mon cousin est un … belge.,Les noms,A1/A2,A,acteur,actrice,,,
Sa … est anglaise.,Les noms,A1/A2,A,voisine,voisin,,,
Mes amis ont des … .,Les noms,A1/A2,B,animals,animaux,animaus,,
Ma fille adore les … .,Les noms,A1/A2,A,livres,livre,,,
"Pendant mes études, j'ai habité avec des … .",Les noms,A1/A2,A,Canadiens,Canadien,,,
"Tous les soirs, nous regardons deux … de notre série.",Les noms,A1/A2,B,épisode,épisodes,,,
C'est une très … actrice.,Les adjectifs,A1/A2,B,bon,bonne,,,
C'est un … homme.,Les adjectifs,A1/A2,B,beau,bel,,,
C'est un réalisateur … .,Les adjectifs,A1/A2,A,original,originale,,,
C'est un adolescent … .,Les adjectifs,A1/A2,A,joyeux,joyeuse,,,
C'est une productrice … .,Les adjectifs,A1/A2,B,strict,stricte,,,
"Dans ce film, il y a des acteurs … .",Les adjectifs,A1/A2,B,célèbre,célèbres,,,
C'est un très … palais.,Les adjectifs,A1/A2,A,grand,grande,,,
Il faut que tu regardes cette série … .,Les adjectifs,A1/A2,B,policier,policière,,,
C'est une très … pièce de théâtre.,Les adjectifs,A1/A2,A,belle,beau,,,
"Dans les Pyrénées, il y a de … châteaux.",Les adjectifs,A1/A2,B,vieils,vieux,,,
Ce sont de … actrices.,Les adjectifs,A1/A2,C,français,incroyable,jeunes,magnifique,
Louis XIV était un roi … .,Les adjectifs,A1/A2,A,français,incroyable,jeunes,magnifique,
Ce film a été écrit à partir d’une histoire … .,Les adjectifs,A1/A2,D,jeunes,français,grands,vraie,
"Dans ce film, il y a un casting … .",Les adjectifs,A1/A2,B,français,incroyable,jeunes,grands,
C’est l’un des plus … festivals de film.,Les adjectifs,A1/A2,C,jeunes,magnifique,grands,vraie,
Ce jardin est … .,Les adjectifs,A1/A2,C,français,jeunes,magnifique,vraie,
Je peux avoir … pomme ?,Les articles,A1/A2,B,un,une,des,,
Elle joue avec … ballon de la voisine.,Les articles,A1/A2,B,un,le,,,
… jeux de sociétés sont longs.,Les articles,A1/A2,C,Le,La,Les,,
… musées de la ville sont gratuits.,Les articles,A1/A2,C,Le,La,Les,,
Tu veux … gâteaux ?,Les articles,A1/A2,C,un,une,des,,
Il veut … gâteaux.,Les articles,A1/A2,C,du,de la,des,,
… ticket est déchiré.,Les articles,A1/A2,B,Un,Le,,,
Elle aime … glaces.,Les articles,A1/A2,A,les,des,,,
Nous mangeons …  crêpes.,Les articles,A1/A2,B,de la,des,du,,
Vous connaissez … musée d'Orsay.,Les articles,A1/A2,A,le,un,,,
… bowling est fermé.,Les articles,A1/A2,B,La,Le,,,
"Tous les samedis, nous allons … plage.",Les articles,A1/A2,C,au,aux,à la,des,
Elle joue … piano.,Les articles,A1/A2,A,du,aux,à la,des,
"Je vais … supermarché, tu veux quelque chose ?",Les articles,A1/A2,A,au,à l',à la,des,
Je mets … tomates dans la salade ?,Les articles,A1/A2,D,au,aux,à la,des,
Il faut manger … soupe.,Les articles,A1/A2,C,du,de,de la,des,
Mon cousin fait … escrime.,Les articles,A1/A2,B,du,de l',de la,des,
Nous buvons … thé.,Les articles,A1/A2,A,du,de,de la,des,
Il nous a téléphoné … hôtel.,Les articles,A1/A2,B,du,de l',de la,des,
Je reviens … toilettes.,Les articles,A1/A2,D,du,de l',de la,des,
Nous allons … piscine.,Les articles,A1/A2,A,à la,au,de la,de,
Il mange … biscuits.,Les articles,A1/A2,D,du,de,de la,des,
Manon déteste faire … sport.,Les articles,A1/A2,A,du,de,de la,des,
… train est en retard.,Les articles,A1/A2,B,La,Le,Une,Un,
Ils vendent … viennoiseries à la boulangerie.,Les articles,A1/A2,D,du,de,de la,des,
C'est à lui. C'est … livre.,"Les quantités, les possessifs et les démonstratifs",A1/A2,B,ma,son,nos,votre,
C'est à moi. C'est … voiture.,"Les quantités, les possessifs et les démonstratifs",A1/A2,A,ma,son,nos,votre,
C'est à nous. Ce sont … valises.,"Les quantités, les possessifs et les démonstratifs",A1/A2,C,ma,son,nos,votre,
C'est à elle. C'est … maison.,"Les quantités, les possessifs et les démonstratifs",A1/A2,D,ma,son,nos,sa,
C'est à vous. C'est … cahier.,"Les quantités, les possessifs et les démonstratifs",A1/A2,D,mon,son,nos,votre,
C'est à eux. C'est … appartement.,"Les quantités, les possessifs et les démonstratifs",A1/A2,B,mon,leur,nos,votre,
son grand-père ? … grand-mère,"Les quantités, les possessifs et les démonstratifs",A1/A2,A,sa,cette,ma,notre,
cet ami ? … amie,"Les quantités, les possessifs et les démonstratifs",A1/A2,C,notre,sa,cette,ma,
ce père ? … mère,"Les quantités, les possessifs et les démonstratifs",A1/A2,D,ma,notre,sa,cette,
mon fils ? … fille,"Les quantités, les possessifs et les démonstratifs",A1/A2,B,cette,ma,notre,sa,
notre oncle ? … tante,"Les quantités, les possessifs et les démonstratifs",A1/A2,D,sa,cette,ma,notre,
Ils habitent au douzième/douze étage.,"Les quantités, les possessifs et les démonstratifs",A1/A2,A,douzième,douze,,,
Il faut 500 grammes/litres de fruits.,"Les quantités, les possessifs et les démonstratifs",A1/A2,B,litres,grammes,,,
Mon frère mesure 1 mètre/gramme 95.,"Les quantités, les possessifs et les démonstratifs",A1/A2,A,mètre,grammes,,,
Elle pèse 58 kilos/litres.,"Les quantités, les possessifs et les démonstratifs",A1/A2,B,litres,kilo,,,
Cet immeuble a dix/dixième étages.,"Les quantités, les possessifs et les démonstratifs",A1/A2,A,dix,dixième,,,
"En pâtisserie, … ingrédient est pesé.","Les quantités, les possessifs et les démonstratifs",A1/A2,C,beaucoup de,toute la,chaque,aucun,
Il y a … recettes de tomates farcies.,"Les quantités, les possessifs et les démonstratifs",A1/A2,A,plusieurs,beaucoup de,toute la,chaque,
"Dans  cette  recette,  il  faut  mettre  …  plaquette  de beurre.","Les quantités, les possessifs et les démonstratifs",A1/A2,D,aucun,plusieurs,beaucoup de,toute la,
"Dans les crêpes, il y a … lait.","Les quantités, les possessifs et les démonstratifs",A1/A2,D,toute la,chaque,plusieurs,beaucoup de,
Il n’y a … fromage dans le frigo.,"Les quantités, les possessifs et les démonstratifs",A1/A2,D,beaucoup de,toute la,chaque,aucun,
"Moi, … vais à la bibliothèque toutes les semaines.","Les pronoms personnels, toniques, relatifs et démonstratifs",A1/A2,B,tu,je,il,nous,
… n’aimons pas lire.,"Les pronoms personnels, toniques, relatifs et démonstratifs",A1/A2,A,Nous,Lui,Je,Elle,
"…, ils adorent le cinéma français.","Les pronoms personnels, toniques, relatifs et démonstratifs",A1/A2,C,Vous,Nous,Eux,Il,
Est-ce que … empruntez souvent des livres ?,"Les pronoms personnels, toniques, relatifs et démonstratifs",A1/A2,C,je,lui,vous,tu,
"Eh bien, ma sœur, … va travailler dans un musée.","Les pronoms personnels, toniques, relatifs et démonstratifs",A1/A2,C,tu,je,elle,nous,
Pourquoi … ne lis pas de BD ? (toi),"Les pronoms personnels, toniques, relatifs et démonstratifs",A1/A2,A,tu,nous,je,lui,
"..., tu travailles trop.","Les pronoms personnels, toniques, relatifs et démonstratifs",A1/A2,A,Toi,Moi,,,
"..., vous aimez rigoler.","Les pronoms personnels, toniques, relatifs et démonstratifs",A1/A2,A,Vous,Eux,,,
"Je vais acheter un livre et ..., elles vont acheter des mangas.","Les pronoms personnels, toniques, relatifs et démonstratifs",A1/A2,A,elles,toi,,,
"Ils aiment la culture, ... !","Les pronoms personnels, toniques, relatifs et démonstratifs",A1/A2,B,elles,eux,,,
"Au moins, ..., il adore les comics !","Les pronoms personnels, toniques, relatifs et démonstratifs",A1/A2,A,lui,elle,,,
"..., tu n’as jamais aimé les comédies françaises de toute façon !","Les pronoms personnels, toniques, relatifs et démonstratifs",A1/A2,A,Toi,Lui,,,
… que tu m’as donnés sont finis.,"Les pronoms personnels, toniques, relatifs et démonstratifs",A1/A2,B,Celle,Ceux,,,
… dois aller voir cette association.,"Les pronoms personnels, toniques, relatifs et démonstratifs",A1/A2,A,Tu,J',,,
… ai du mal à trouver à manger.,"Les pronoms personnels, toniques, relatifs et démonstratifs",A1/A2,B,Elle,J',,,
… vous aidez les autres !,"Les pronoms personnels, toniques, relatifs et démonstratifs",A1/A2,A,"Vous,","Eux,",,,
… ils ont besoin d’aide.,"Les pronoms personnels, toniques, relatifs et démonstratifs",A1/A2,B,"Vous,","Eux,",,,
… où j’allais est fermée.,"Les pronoms personnels, toniques, relatifs et démonstratifs",A1/A2,A,Celle,Ceux,,,
(Louis et Annaë) ... adorent la lecture.,"Les pronoms personnels, toniques, relatifs et démonstratifs",A1/A2,B,Nous,Ils,Vous,Elles,
(Éloïse et moi) ... distribuons de la nourriture aux sans-abri.,"Les pronoms personnels, toniques, relatifs et démonstratifs",A1/A2,B,Elles,Nous,Ils,Vous,
(Tes amis et toi) … faites beaucoup de soirées !,"Les pronoms personnels, toniques, relatifs et démonstratifs",A1/A2,A,Vous,Eux,Nous,Ils,
(Jeanne) … visite les musées parisiens.,"Les pronoms personnels, toniques, relatifs et démonstratifs",A1/A2,C,Tu,Ils,Elle,Nous,
(Les élèves) ... regardent un documentaire sur le xxe siècle.,"Les pronoms personnels, toniques, relatifs et démonstratifs",A1/A2,D,Nous,Vous,Eux,Ils,
(André) ... est malade.,"Les pronoms personnels, toniques, relatifs et démonstratifs",A1/A2,D,Ils,Tu,Vous,Il,
Ils ont été à la bibliothèque ……… tu trouves magnifique !,"Les pronoms personnels, toniques, relatifs et démonstratifs",A1/A2,C,où,qui,que,,
Elle a acheté l’appartement ……… est au dernier étage.,"Les pronoms personnels, toniques, relatifs et démonstratifs",A1/A2,C,que,où,qui,,
Tu as la voiture ……… je veux.,"Les pronoms personnels, toniques, relatifs et démonstratifs",A1/A2,B,qui,que,où,,
Nous aimons le musée ……… il y a des jeux.,"Les pronoms personnels, toniques, relatifs et démonstratifs",A1/A2,A,où,qui,que,,
Vous allez adorer le café ……… fait des pancakes.,"Les pronoms personnels, toniques, relatifs et démonstratifs",A1/A2,C,que,où,qui,,
Simon porte le pyjama ……… tu lui as offert.,"Les pronoms personnels, toniques, relatifs et démonstratifs",A1/A2,B,qui,que,où,,
Elles vont dans la boutique ……… il y a des antiquités.,"Les pronoms personnels, toniques, relatifs et démonstratifs",A1/A2,A,où,qui,que,,
Marie et Vincent adorent les maisons ……… ont du charme.,"Les pronoms personnels, toniques, relatifs et démonstratifs",A1/A2,C,que,où,qui,,
Peux-tu m’indiquer la librairie ……… il y a l’escalier d’Harry Potter ?,"Les pronoms personnels, toniques, relatifs et démonstratifs",A1/A2,C,qui,que,où,,
Est-ce que vous avez le tableau ……… vaut beaucoup d’argent ?,"Les pronoms personnels, toniques, relatifs et démonstratifs",A1/A2,B,où,qui,que,,
Nous allons dans un musée ... nous adorons.,"Les pronoms relatifs, COD et COI",A1/A2,B,qui,que,,,
Ils vont à l’association ... distribue des colis.,"Les pronoms relatifs, COD et COI",A1/A2,B,que,qui,,,
Tu devrais aller voir l’association ... je connais.,"Les pronoms relatifs, COD et COI",A1/A2,A,que,qui,,,
Emma et moi détestons le musée ... il y a les pyramides.,"Les pronoms relatifs, COD et COI",A1/A2,A,où,que,,,
Marc préfère la bibliothèque ... il y a des mangas.,"Les pronoms relatifs, COD et COI",A1/A2,B,qui,où,,,
Je veux aller au musée ... propose des films muets,"Les pronoms relatifs, COD et COI",A1/A2,A,qui,où,,,
Elle admire les tableaux du musée. Elle ... admire.,"Les pronoms relatifs, COD et COI",A1/A2,A,les,la,,,
Nous prenons le métro pour aller au musée. Nous ... prenons.,"Les pronoms relatifs, COD et COI",A1/A2,A,le,la,,,
Vous expliquez l’histoire de France à Marie. Vous ... expliquez.,"Les pronoms relatifs, COD et COI",A1/A2,A,lui,elle,,,
J’aide les enfants avec leurs devoirs. Je ... aide.,"Les pronoms relatifs, COD et COI",A1/A2,A,les,en,,,
Il apprend des choses à Emma et moi. Il ... apprend des choses.,"Les pronoms relatifs, COD et COI",A1/A2,B,m',nous,,,
Elle admire les tableaux du musée. Elle ... admire.,Les styles de phrases,A1/A2,A,les,la,,,
... est venu à la maison ?,Les styles de phrases,A1/A2,A,Qui,Où,Quand,,
... s'est passé le voyage ?,Les styles de phrases,A1/A2,C,Qui,Quoi,Comment,,
... es-tu allé te promener ?,Les styles de phrases,A1/A2,B,Quoi,Où,Pourquoi,,
Elle a chanté ... ?,Les styles de phrases,A1/A2,B,comment,quoi,combien,,
... sont-ils partis ?,Les styles de phrases,A1/A2,A,Quand,Pourquoi,Qui,,
... est-il blessé ?,Les styles de phrases,A1/A2,C,Où,Qui,Pourqoui,,
... d'animaux avez-vous ?,Les styles de phrases,A1/A2,A,Combien,Où,Quand,,
"Regarde ces 2 boutiques, tu veux aller dans ... ?",Les styles de phrases,A1/A2,B,lequel,laquelle,,,
... voyages a-t-elle préféré ?,Les styles de phrases,A1/A2,A,Quels,Lequel,,,
Dans ... école êtes-vous allé ?,Les styles de phrases,A1/A2,A,quelle,laquelle,,,
... de ces présidents préférez-vous ?,Les styles de phrases,A1/A2,B,Lequel,Lesquels,,,
En ... année as-tu habité en Angleterre ?,Les styles de phrases,A1/A2,B,quel,quelle,,,
"Entre ces trois livres, ... préfères-tu ?",Les styles de phrases,A1/A2,A,lequel,lesquels,,,
"C’est le ... cuisinier au monde, il brûle tout !",Les adverbes,A1/A2,C,plus,meilleur,pire,,
Il est le ... fort !,Les adverbes,A1/A2,A,plus,meilleur,pire,,
Elle a la ... voiture.,Les adverbes,A1/A2,B,plus,meilleur,pire,,
L’Angleterre a les ... navires.,Les adverbes,A1/A2,B,plus,meilleur,pire,,
Nous sommes les ... tactiques.,Les adverbes,A1/A2,A,plus,meilleur,pire,,
Tu lis son ... livre. Il est vraiment nul !,Les adverbes,A1/A2,C,plus,meilleur,pire,,
C’est le ... couvreur. Il arrive toujours en premier.,Les adverbes,A1/A2,B,mieux,meilleur,,,
Il lit ... que toi.,Les adverbes,A1/A2,A,mieux,meilleur,,,
C’est l’écrivaine la ... payée dans le monde.,Les adverbes,A1/A2,A,mieux,meilleur,,,
Elle danse ... qu’avant !,Les adverbes,A1/A2,A,mieux,meilleur,,,
Ces livres sont ... que ceux de cet écrivain.,Les adverbes,A1/A2,B,mieux,meilleur,,,
Mon père est ... que toi à la pétanque.,Les adverbes,A1/A2,B,mieux,meilleur,,,
... applaudissez l’humoriste.,Les verbes du deuxième groupe (-ir),A1/A2,B,Nous,Vous,,,
... ralentis le tourne-disque.,Les verbes du deuxième groupe (-ir),A1/A2,A,Tu,Vous,,,
... fleurissons la tombe de notre chanteur préféré.,Les verbes du deuxième groupe (-ir),A1/A2,A,Nous,Je,,,
... réfléchit à notre prochain concert.,Les verbes du deuxième groupe (-ir),A1/A2,B,Ils,On,,,
... accomplis mon stage de fin d’année.,Les verbes du deuxième groupe (-ir),A1/A2,A,J',Ils,,,
... finissent leur concert avec leur plus belle chanson.,Les verbes du deuxième groupe (-ir),A1/A2,B,Il,Elles,,,
Lundi Marc a ... sa première pièce de théâtre.,Le passé composé,A1/A2,A,joué,joués,jouée,,
"Pendant les vacances, elles sont beaucoup ... au théâtre.",Le passé composé,A1/A2,B,allé,allées,,,
M. et Mme Tanguit ont ... à un atelier.,Le passé composé,A1/A2,A,participé,participées,participés,,
Julie a ... le premier rôle.,Le passé composé,A1/A2,A,obtenu,obtenue,obtenues,,
Les filles sont ... sur scène trop tôt.,Le passé composé,A1/A2,C,descendue,descendus,descendues,,
Choisi la bonne réponse. On utilise l'imparfait pour:,Passé compoé ou imparfait ?,A1/A2,A,faire une description,une action terminée,les habitudes,,
Choisi la bonne réponse. On utilise la passé composé pour:,Passé compoé ou imparfait ?,A1/A2,B,faire une description,une action terminée,les habitudes,,
"Hier, nous ... un très beau château.",Passé compoé ou imparfait ?,A1/A2,A,avons visité,visitions,,,
"Quand je ... petite, nous ... souvent aux châteaux.",Passé compoé ou imparfait ?,A1/A2,A,étais / allions,ai été / sommes allés,étais / sommes allés,,
"Adolescent, je ... au château d’à côté.",Passé compoé ou imparfait ?,A1/A2,A,travaillais,ai travaillé,,,
"L’été dernier, nous ... les châteaux de la Loire en vélo.",Passé compoé ou imparfait ?,A1/A2,B,faisions,avons fait,,,
Ma mère ... ses vacances près des châteaux de la Loire.,Passé compoé ou imparfait ?,A1/A2,A,a adoré,adorait,,,
Françoise et Marc ... de châteaux.,Passé compoé ou imparfait ?,A1/A2,A,ont beaucoup visité,visitaient beaucoup,,,
Ma mère ... alors que je me suis promené dans les jardins.,Passé compoé ou imparfait ?,A1/A2,A,est arrivée,arrivait,,,
Ne joue pas trop !,L'impératif,A1/A2,B,Présent,Impératif,,,
"Je refuse de t’acheter ce jeu, il est trop violent.",L'impératif,A1/A2,A,Présent,Impératif,,,
Nous voulons jouer en ligne.,L'impératif,A1/A2,A,Présent,Impératif,,,
Rangez-moi vos consoles et vos chambres !,L'impératif,A1/A2,B,Présent,Impératif,,,
Vous devez ranger vos chambres.,L'impératif,A1/A2,A,Présent,Impératif,,,
"Pour mon anniversaire, je voudrais ce nouveau jeu !",L'impératif,A1/A2,A,Présent,Impératif,,,
"Arrête de jouer, tu vas être en retard",L'impératif,A1/A2,B,Présent,Impératif,,,
Ne mange pas de chips dans ta chambre !,L'impératif,A1/A2,B,Présent,Impératif,,,
Je veux que vous ... du temps pour faire vos devoirs.,Le subjonctif présent,A1/A2,B,ayiez,ayez,,,
J’aimerais que tu ... de ce dossier.,Le subjonctif présent,A1/A2,A,t’occupes,t’occupe,,,
Je préférerais qu’il … son travail !,Le subjonctif présent,A1/A2,A,fasse,fassent,,,
Il faut que j’ ... au travail !,Le subjonctif présent,A1/A2,A,aille,aillent,,,
Nous voudrions que vous vous ... une formation.,Le subjonctif présent,A1/A2,A,trouviez,trouve,,,
Mon chef voudrait que je ... un cap en alternance.,Le subjonctif présent,A1/A2,A,fasse,fasses,,,
Eve pense qu’elle est talentueuse.,Les modes,A1/A2,A,Indicatif présent,Subjonctif,,,
Nous souhaitons que tu passes ton bac.,Les modes,A1/A2,B,Indicatif présent,Subjonctif,,,
J’aimerais qu’il fasse des études.,Les modes,A1/A2,B,Indicatif présent,Subjonctif,,,
Tout le monde sait qu’il est accro au travail.,Les modes,A1/A2,A,Indicatif présent,Subjonctif,,,
Vous affirmez qu’il joue trop aux jeux vidéo.,Les modes,A1/A2,A,Indicatif présent,Subjonctif,,,
Je veux qu’elle me rende mes livres.,Les modes,A1/A2,B,Indicatif présent,Subjonctif,,,
Je vais ... Paris pour la fête de la musique.,Les prépositions de lieu,A1/A2,A,à,en,,,
Anna et Sarah sont ... Canada. Elles jouent dans un pub.,Les prépositions de lieu,A1/A2,A,au,aux,,,
Nous allons ... la place de la Bastille pour écouter les groupes.,Les prépositions de lieu,A1/A2,B,au,à,,,
Ils rentrent de ... fête de la musique.,Les prépositions de lieu,A1/A2,A,la,des,,,
Ma mère et moi revenons de Nantes où on a été … fête de la musique.,Les prépositions de lieu,A1/A2,A,à la,au,,,
Nous allons fêter la fête de la musique ... les bars parisiens.,Les prépositions de lieu,A1/A2,B,sous,dans,,,
Je n’aime pas vivre dans ce pays ... la saison des pluies.,"Le but, la cause, la conséquence et l'opposition",A1/A2,B,pour,à cause de,parce que,grâce à,
Elle part au Canada ... avoir un meilleur salaire.,"Le but, la cause, la conséquence et l'opposition",A1/A2,A,pour,à cause de,parce que,grâce à,
Les enfants vont au lycée français ... c’est la meilleure école de la ville.,"Le but, la cause, la conséquence et l'opposition",A1/A2,C,pour,à cause de,parce que,grâce à,
Ils ont vécu dans plusieurs pays ... travail de Paul !,"Le but, la cause, la conséquence et l'opposition",A1/A2,D,pour,à cause de,parce que,grâce au,
Tu peux aller voir l’association française au Ghana ... échanger avec d’autres expatriés.,"Le but, la cause, la conséquence et l'opposition",A1/A2,A,pour,à cause de,parce que,grâce à,
Elle a rejoint une communauté européenne au Vietnam ... mal du pays.,"Le but, la cause, la conséquence et l'opposition",A1/A2,B,pour,à cause du,parce que,grâce à,
"Si Emma part étudier à l’étranger, elle (découvrir) ... le monde.",La condition avec si,A1/A2,B,découvre,découvrira,,,
"Il ne (pouvoir) ... pas partir, s’il n’a pas son semestre.",La condition avec si,A1/A2,B,peut,pourra,puisse,,
Mes amis (vouloir) ... partir un semestre au Canada seulement s’ils sont tous les deux acceptés.,La condition avec si,A1/A2,A,veulent,voudront,veuillent,,
Ma famille (venir) ... me voir si je pars à Sidney l’année prochaine.,La condition avec si,A1/A2,B,vient,viendra,vienne,,
"Si nous (venir) ... te voir, il faut nous faire visiter le Sénégal.",La condition avec si,A1/A2,A,venons,viendrons,venions,,
"Si vous voulez, nous (pouvoir) ... louer un appartement en colocation.",La condition avec si,A1/A2,A,pouvons,pourrons,pouvions,,
"Si tu rentres à Noël, (ramener) ... des spécialités québécoises !",La condition avec si,A1/A2,A,ramène,ramèneras,ramène,,
"..., c’était la final d’athlétisme. C’est un jeune hongrois qui a eu la médaille d’or.",Les marqueurs chronologiques,A1/A2,A,Hier,Demain,Depuis,Après,
 ... débuteront les épreuves de canoë.,Les marqueurs chronologiques,A1/A2,B,Hier,Demain,Depuis,Après,
Il rêvait de participer aux J.O ... qu’il est tout petit !,Les marqueurs chronologiques,A1/A2,C,hier,demain,depuis,Après,
"... 5 ans d’entraînement, il va enfin pouvoir participer à cette compétition.",Les marqueurs chronologiques,A1/A2,C,Hier,Demain,Depuis,Après,